,1,2,3,4,5,6,symbol,logFC,AveExpr,t,P.Value,adj.P.Val,B
0,CHRM1,CCL1,ITGA5,HSPD1,IL2,SLC32A1,CHRM1,1.95802519151277,3.3884523591339097,2.12249920315736,0.0565637390498233,0.827792093026838,-3.85579793799209
1,CHRM2,CCL25,ITGB1,C3,IL3,CHRNA6,CHRM2,1.5971712124842399,4.046331739845201,1.76890547094095,0.103738104481175,0.877076769546235,-4.32034599628947
2,CHRM3,CCL19,ITGAM,CR1,IL4,CACNA1A,CHRM3,0.25621765958966697,7.23005679841172,0.315827032188517,0.7578646364821509,0.9810985782005841,-5.55293832749431
3,CHRM4,CCL21,ITGB2,ITGAM,IL5,CACNA1B,CHRM4,0.8151965058853109,2.98828131011882,1.56019428851359,0.146142618324449,0.9058462139640521,-4.574944145025929
4,CHRM5,CCL3,CALML3,ITGB2,IL6,CHRNA4,CHRM5,1.137953639243,4.07573943063396,1.04964305170375,0.31571508869665504,0.9342401772649559,-5.10748786319564
5,ADRA1A,CCL3L1,CALM2,ARF1,IL7,CHRNB2,ADRA1A,-0.515735804541917,5.07178447633505,-0.6921124272881,0.502777994312102,0.9577352838097181,-5.37928488886997
6,ADRA1B,CCL3L3,CALM3,RAB1A,IL9,GABRA1,ADRA1B,-1.55257904438155,2.79016318821559,-2.1787372405291,0.0512442258286233,0.827792093026838,-3.7790302444612003
7,ADRA1D,CCL4,CALM1,RAB1B,IL10,GABRA2,ADRA1D,-0.692947759453173,2.63372923533637,-0.985836233035345,0.34475972643635994,0.941171183757666,-5.162873294144791
8,ADRA2A,CCL4L2,CALML6,SEC22B,IL11,GABRA3,ADRA2A,0.142757785463267,7.19538748392953,0.261349894655285,0.798503759329891,0.9863926196030459,-5.567627302784589
9,ADRA2B,CCL4L1,CALML5,SAR1A,IL12A,GABRA4,ADRA2B,-0.342124256969077,4.5060002148186,-0.301147313603843,0.7687466861031659,0.981325060456833,-5.55716472735654
10,ADRA2C,CCL17,CALML4,SAR1B,IL12B,GABRA5,ADRA2C,0.324748217595038,6.174297937450071,0.570698099700793,0.5793259582856329,0.963942315229958,-5.44871227756331
11,ADRB1,CCL22,RHOA,VCP,IL13,GABRA6,ADRB1,1.21103682974642,5.66840942279674,1.6893435079970198,0.118400990659441,0.886475243943484,-4.4194325832499
12,ADRB2,CCL5,CFL1,APAF1,IL15,GABRB1,ADRB2,1.0247388254022098,5.906504102750679,1.4598505623219902,0.171445114353615,0.910711646310028,-4.69068779734195
13,ADRB3,CCL8,CFL2,CYCS,IL17D,GABRB3,ADRB3,0.11438661360500399,3.6283462780039195,0.10850466004293598,0.9154895885295491,0.9926211537521629,-5.594152035689841
14,DRD1,CCL14,CASP3,CASP9,IL19,GABRB2,DRD1,-0.5820417098206669,2.9401039368383395,-0.593296781559494,0.564616233367026,0.963533309258848,-5.436727575120571
15,DRD2,CCL16,CASP7,CASP3,IL20,GABRG1,DRD2,-0.0330428477744356,5.499984101922151,-0.0427360016436764,0.966654436286476,0.9979523429902059,-5.598834712541031
16,DRD3,CCL15,CASP1,CASP8,IL21,GABRG2,DRD3,-1.4853976938988998,1.73871413800429,-1.4657668452071797,0.169855648580385,0.910711646310028,-4.68399622874583
17,DRD4,CCL23,PYCARD,BNIP3,IL22,GABRG3,DRD4,-1.03204859102402,1.68464922507476,-2.24921794380582,0.0452466950896039,0.8223329261061659,-3.6819736714755202
18,DRD5,CCL13,NLRP3,BCL2L13,IL23A,GABRD,DRD5,0.842281491190603,4.88653284049543,0.845585755753716,0.415251706294499,0.94922419816725,-5.27440075007905
19,HRH1,CCL7,IL1B,NFKB2,IL24,GABRE,HRH1,-0.4746667998984361,6.8011921600732395,-0.9037108602678471,0.38492518875039206,0.947009639747,-5.22993078943507
20,HRH2,CCL2,C1QA,NFKBIA,IFNA1,GABRQ,HRH2,2.01863941283156,4.66158069565086,2.94564502526622,0.0129104427933295,0.7216191143617141,-2.6957563499224704
21,HRH3,CCL11,C1QB,NFKB1,IFNA2,GABRP,HRH3,0.253711864956164,5.44595712705024,0.348059064466344,0.734164578090257,0.9792448257824041,-5.54296794639047
22,HRH4,CCL24,C1QC,RELA,IFNA4,GABRR1,HRH4,0.243769734823331,2.4992737086360095,0.17732166964261398,0.8623801492488109,0.987993190658461,-5.584905842123519
23,HTR1A,CCL26,C1R,HBS1L,IFNA5,GABRR2,HTR1A,0.664168196005091,3.61033276396269,0.549087537052771,0.593581543234864,0.96574095672359,-5.4597648190480585
24,HTR1B,CCL27,C1S,EEF1A1,IFNA6,GABRR3,HTR1B,0.7806916848508109,4.7007150550231795,1.1486510728198702,0.27432798012691895,0.930600318766436,-5.01614026058144
25,HTR1D,CCL28,C2,EEF1A2,IFNA7,SLC17A6,HTR1D,1.5563092228969602,2.53010875619078,1.9952234468774297,0.0705841334924706,0.854207743897482,-4.02695742395092
26,HTR1E,CCL18,C4A,HSF1,IFNA8,SLC17A8,HTR1E,-0.493116602234401,5.70694797966255,-0.6800878544177391,0.5100805982457141,0.9577352838097181,-5.38670710014215
27,HTR1F,CCL20,C4B,HSPA8,IFNA10,SLC17A7,HTR1F,0.121772394728784,3.93633242552526,0.110843298288991,0.91367611833435,0.9926211537521629,-5.593910669462099
28,HTR2A,CXCL1,C3,HSPA1A,IFNA13,CHRNA7,HTR2A,-0.131888952231938,8.34320446023869,-0.203658596079272,0.8422252726917979,0.987595915630745,-5.58019618249617
29,HTR2B,CXCL2,C5,HSPA2,IFNA14,GRIN1,HTR2B,-2.1732750150714,2.46723400260608,-1.6336765680286598,0.129730866071625,0.895097798741558,-4.48731212814071
30,HTR2C,CXCL3,SERPING1,HSPA1L,IFNA16,GRIN2A,HTR2C,-1.07329943619937,8.38030860507403,-1.39265219750344,0.19040032419849304,0.9114403363275109,-4.76546253754104
31,HTR4,CXCL5,C4BPA,HSPA1B,IFNA17,GRIN2B,HTR4,0.3888833613188761,6.21122350386343,0.702586703495234,0.496468362765305,0.9570324318945551,-5.372723431099429
32,HTR5A,CXCL6,C4BPB,HSPA6,IFNA21,GRIN2C,HTR5A,-0.733035641432154,3.71202177514207,-0.8874100285229459,0.39327145461418894,0.9473263429225659,-5.242656743747981
33,HTR6,CXCL8,LY96,EEF1G,IFNB1,GRIN2D,HTR6,-0.964904696685521,5.0638589072354,-1.3339029435994199,0.208379687652456,0.919859950574173,-4.82890965092471
34,HTR7,PPBP,TLR4,NAIP,IFNG,GRIN3A,HTR7,0.47504637980005704,6.81876519283967,0.8424837320975649,0.416914283688918,0.94922419816725,-5.27670253114071
35,TAAR9,PF4,CD14,CASP7,IFNE,GRIN3B,TAAR9,-3.1259212367114104,2.8620570128171003,-3.5175859984333395,0.00459989263432025,0.588423221115314,-1.88960446771708
36,TAAR1,CXCL9,MYD88,PYCARD,IFNL1,GRIA2,TAAR1,1.54366905798939,2.50008107331564,1.24168190511461,0.23939706839678002,0.9239064119120759,-4.92464999444051
37,TAAR8,CXCL10,IRAK4,CASP1,IFNL2,GRIA3,TAAR8,0.000501460019238564,3.3241872101789998,0.000566357329248645,0.9995579427759149,0.9998057383886809,-5.59969486101338
38,TAAR5,CXCL11,IRAK1,IL18,IFNL3,GRIA,TAAR5,1.19805210085816,3.34787282043047,1.6492415959492202,0.126470154241829,0.8933772215923791,-4.4684578764002305
39,TAAR2,CXCL13,TRAF6,IL1B,IFNW1,,TAAR2,0.893124511436833,3.36557145772263,0.9098763899484059,0.381800629343428,0.946604134210758,-5.22506625898228
40,AGTR1,CXCL12,NFKB1,TLR5,OSM,,AGTR1,-0.381108997762316,5.49508206689856,-0.30951272338562796,0.7625388991319271,0.9810985782005841,-5.55478044614755
41,AGTR2,CXCL16,RELA,TLR2,LIF,,AGTR2,-0.7662800796717509,4.63158422870711,-0.89033402543478,0.391765212538193,0.9473263429225659,-5.24038849034365
42,NMB,CXCL14,TICAM2,CD14,TSLP,,NMB,0.645884500433903,7.23002069063885,1.0006064749196,0.33786893250651395,0.9395596930955401,-5.15030310981868
43,GRP,CXCL17,TICAM1,TLR4,CTF1,,GRP,-2.36171543593892,3.671646474388,-1.9921675684333,0.07095764114786,0.854476092819419,-4.03101828281095
44,NMBR,XCL1,IRF3,MYD88,CSF2,,NMBR,-2.21857542855462,4.19075686088705,-2.71956528433174,0.0194506509543454,0.7873642172375072,-3.0185442494513195
45,GRPR,XCL2,MAPK11,TNF,CNTF,,GRPR,-0.49170038862792403,5.05358416121351,-0.48683000564281603,0.635642492799081,0.9727464504057701,-5.489349046076349
46,BRS3,CX3CL1,MAPK12,IL6,CSF3,,BRS3,-0.959924566457742,5.20785349706971,-0.9462117770651279,0.36374669733016,0.9443090814488021,-5.19583403186142
47,BDKRB1,IL2,MAPK13,IL12A,EPO,,BDKRB1,-1.40614892957049,4.230163910137,-1.6950967568780801,0.117281682380936,0.886475243943484,-4.4123472654265194
48,BDKRB2,IL4,MAPK14,IL12B,GH1,,BDKRB2,-0.17363975959306502,4.121531806107019,-0.171954095033375,0.8665008318743109,0.987993190658461,-5.58578633555951
49,C5AR1,IL7,MAPK8,CXCL8,GH2,,C5AR1,0.24043926763318402,5.429568381164549,0.261560548432167,0.7983453232335078,0.9863926196030459,-5.56757576328829
50,C3AR1,IL9,MAPK10,CXCL1,CSH1,,C3AR1,-0.459028135408678,6.21045260030794,-0.666220160330072,0.518580366248305,0.9577352838097181,-5.39511971562288
51,FPR1,IL15,MAPK9,CXCL2,CSH2,,FPR1,-0.45440640590983006,6.19606229414603,-0.640693013750255,0.534441873848312,0.959602505851509,-5.41019003738531
52,FPR3,IL21,MAPK1,CXCL3,LEP,,FPR3,-1.2367224473220801,3.6268891010206197,-2.37852606428159,0.0359466519600071,0.809028979027905,-3.50184244776569
53,FPR2,TSLP,MAPK3,CLK,THPO,,FPR2,-0.922131400223307,3.6231382107028995,-1.10774442876896,0.290891518052733,0.9327409955587059,-5.054658058728901
54,APLN,IL3,FOS,,PRL,,APLN,-0.7830654353366869,4.33067805720502,-0.7751874050664971,0.45407429082281203,0.950061682540906,-5.32481554232942
55,APLNR,IL5,JUN,,EGF,,APLNR,-1.01463135491332,7.997359055813839,-1.2180648427185399,0.247910770504176,0.9254912179796791,-4.94837453457386
56,CCK,CSF2,IL6,,PDGFA,,CCK,1.52861608212777,5.20925407311916,1.3579867168797999,0.20084617093413099,0.9152176918647,-4.80312381116445
57,CCKAR,IL13,IL12A,,PDGFB,,CCKAR,-1.18761334359558,4.256707343613471,-1.3363693354230401,0.207597633109176,0.918924117336077,-4.8262834722632
58,CCKBR,EPO,IL12B,,IL2RA,,CCKBR,-0.247535312880623,5.4870118910614005,-0.37978800458424206,0.7111121921948779,0.977761839057742,-5.5322312617921305
59,EDN2,GH1,IL23A,,IL2RB,,EDN2,0.24183735661360398,3.82607792807819,0.235271481511958,0.8181884205008149,0.9875814194313308,-5.57369092488485
60,EDN3,GH2,TNF,,IL2RG,,EDN3,-0.133610857038502,5.127162515497361,-0.150334697165076,0.8831385673055799,0.989256300631274,-5.58906019320145
61,EDNRA,CSH1,IL10,,IL3RA,,EDNRA,-0.136279735521291,6.744707561063531,-0.22444786704782102,0.8263976685294008,0.987595915630745,-5.57602265218414
62,EDNRB,CSH2,IRF1,,IL4R,,EDNRB,-0.39096499751024605,7.725397071282929,-0.606595178853218,0.5560564690341121,0.9621767906603409,-5.42947249584061
63,MC1R,PRL,IRF8,,IL5RA,,MC1R,0.592557894594025,5.383411598898469,0.9841278521389849,0.34556327345415694,0.941171183757666,-5.16431733568915
64,MC2R,THPO,SFTPA1,,IL6R,,MC2R,-0.471373808207828,5.67314637572363,-0.5438267653373221,0.5970793315313969,0.966984114413652,-5.46239466898741
65,MC3R,CSF3,SFTPA2,,IL7R,,MC3R,0.000713128650561501,3.89187187637109,0.0007190758172458201,0.999438741882649,0.9998057383886809,-5.59969476853448
66,MC4R,LEP,GNAI1,,IL9R,,MC4R,-0.15249313880624102,4.57488924361337,-0.0972103910103053,0.9242544506402729,0.9930475838039631,-5.59524540161186
67,MC5R,IL6,GNAI3,,IL10RA,,MC5R,-0.0850660348132166,4.34296002136286,-0.0819172887111367,0.936139045195619,0.994558381050946,-5.59653486609071
68,NPY1R,IL11,GNAI2,,IL10RB,,NPY1R,-1.24715798619907,4.98763448868451,-1.13106819727834,0.281355870849596,0.931292614639984,-5.03282781438362
69,NPY2R,IL12A,CXCL8,,IL11RA,,NPY2R,-0.27430682501291304,4.959451134620959,-0.25797350694036,0.8010444775965551,0.9870461227281558,-5.56844779416435
70,NPY5R,IL27,NOD1,,IL13RA1,,NPY5R,-0.33973364674111406,3.75296223745529,-0.30308562421339696,0.767306788506677,0.9810985782005841,-5.55661798425405
71,GPR83,IL31,IL1A,,IL13RA2,,GPR83,1.2268246847106001,4.61133089926342,1.41159516938419,0.18488660760347303,0.910711646310028,-4.74461632678013
72,PYY,CLCF1,NOS,,IL15RA,,PYY,-2.5308510707529903,3.50828593636179,-2.50381538108799,0.0287139352323868,0.7923263670098941,-3.32532893993792
73,PPY,CNTF,,,IL20RA,,PPY,-0.43599550463599895,4.21296023894464,-0.5186513505765229,0.613963958625996,0.9703806201368042,-5.474648769820431
74,NTS,CTF1,,,IL20RB,,NTS,3.5597660657107206,4.39869615340003,3.6202420163659,0.00383002366613691,0.579094113917782,-1.7482165285345501
75,NTSR1,LIF,,,IL21R,,NTSR1,0.42899074351156896,4.408946268661031,0.54916769367989,0.593528331139674,0.96574095672359,-5.45972456455189
76,NTSR2,OSM,,,IL22RA1,,NTSR2,0.0127822697700988,1.92094915638702,0.0272495295395502,0.9787338670770172,0.9979523429902059,-5.59934522528211
77,OPRD1,IL10,,,IL22RA2,,OPRD1,-1.3408855643426,3.7512332641294197,-1.3602570362890902,0.200147781718594,0.914766957043705,-4.8006768567534195
78,OPRK1,IL19,,,IL23R,,OPRK1,-0.9281868031777559,7.3369140234155,-1.20535492651847,0.25259127484399696,0.927214107039126,-4.96100383780363
79,OPRM1,IL20,,,IL27RA,,OPRM1,-0.9367672523061921,4.76025408556324,-1.05527341261178,0.313242207026687,0.9340060795198509,-5.102466841110809
80,OPRL1,IL24,,,IL6ST,,OPRL1,0.7825891489183701,4.00588033655482,0.8358928684532142,0.420461545492295,0.94922419816725,-5.2815687907530995
81,CORT,IL22,,,IFNAR1,,CORT,-0.800267573690205,5.55657430937901,-1.1483851769941498,0.274433236054878,0.930600318766436,-5.016394079297849
82,SSTR1,IL26,,,IFNAR2,,SSTR1,-1.25803944149579,6.017169784849,-1.93563860809728,0.0782065301605589,0.8629412245712459,-4.10568527674585
83,SSTR2,IFNL2,,,IFNGR1,,SSTR2,0.95479673688832,5.89635315459253,1.96857035350334,0.0739042999959379,0.855630667622727,-4.06229273862225
84,SSTR3,IFNL3,,,IFNGR2,,SSTR3,-1.0293440722151301,5.328791346155411,-1.84503494081312,0.0912621744528788,0.8633695197115241,-4.2234349373952
85,SSTR4,IFNL1,,,IFNLR1,,SSTR4,-0.639765385757735,3.1332199113716697,-0.6741592876751341,0.5137041654479989,0.9577352838097181,-5.39032292229529
86,SSTR5,IFNA1,,,OSMR,,SSTR5,0.9684789890789359,3.6404069492260898,1.2066662550313898,0.252105154184059,0.927136343864275,-4.95970534806408
87,TAC1,IFNA2,,,LIFR,,TAC1,-1.98173528387133,6.780774135284309,-1.59973936489684,0.137098131835683,0.9014082697639351,-4.52807197632556
88,TAC3,IFNA4,,,CRLF2,,TAC3,1.30252893288886,5.765974089616019,2.37629277802431,0.0360903876994439,0.809028979027905,-3.5049730510839505
89,TACR1,IFNA6,,,CSF2RA,,TACR1,0.966720598444843,7.245271925751211,1.38063570838552,0.19396876201368998,0.9114403363275109,-4.77858947405911
90,TACR2,IFNA7,,,CSF2RB,,TACR2,-0.625650330522446,4.981302040187179,-0.9498269294347149,0.361984108810577,0.944002545481188,-5.19287330394636
91,TACR3,IFNA8,,,CSF3R,,TACR3,1.76424936558104,3.59158588162479,1.96704518892979,0.0740986064504815,0.855630667622727,-4.06430897275288
92,AVPR1A,IFNA10,,,EPOR,,AVPR1A,-0.994238005387102,2.9152083914395295,-0.9833075675275259,0.34594958083677196,0.941171183757666,-5.165009966977
93,AVPR1B,IFNA13,,,GHR,,AVPR1B,0.4765541446090929,4.13398092248124,0.879757635426735,0.39723228633629204,0.9477632517106751,-5.248562873971281
94,AVPR2,IFNA14,,,LEPR,,AVPR2,-2.5201593954008503,2.86374638479479,-2.9793245264635404,0.012145491998777999,0.7216191143617141,-2.64771971900494
95,OXTR,IFNA16,,,MPL,,OXTR,-0.5644217670922479,6.02887960463598,-1.4531118272993702,0.173270924410513,0.910711646310028,-4.698288646289639
96,GAL,IFNA17,,,PRLR,,GAL,-0.6692225263203521,4.9604675339649,-0.562361702212938,0.584803474308016,0.9652452616361171,-5.4530232975222095
97,GALR1,IFNA21,,,EGFR,,GALR1,-0.7768368916144399,2.87619208477984,-0.63149176465753,0.5402268002702579,0.960561913330881,-5.415489317289929
98,GALR2,IFNB1,,,PDGFRA,,GALR2,-0.19794447704708104,2.6103510670528998,-0.29507980129583,0.7732598546131959,0.9818003256536629,-5.55885392742399
99,GALR3,IFNW1,,,PDGFRB,,GALR3,-0.4914371360504439,3.53456124239371,-0.524597730828662,0.6099542781294289,0.96975310707861,-5.47180390617461
100,F2,IFNK,,,JAK1,,F2,-0.37128209046539395,2.8011054762718097,-0.386315264698875,0.706405975120153,0.9774371839556909,-5.5299096492314
101,CTSG,IFNE,,,JAK2,,CTSG,0.200360283015312,4.60635228278347,0.219492172378651,0.830163629337624,0.987595915630745,-5.577053979586519
102,GZMA,IFNG,,,JAK3,,GZMA,-1.09160975242543,4.75380021143942,-1.1812713903137502,0.261651670833413,0.928569747999569,-4.98466487920335
103,PLG,IL1A,,,TYK2,,PLG,-1.9960012370769,3.81380388698404,-1.6405508862704,0.128281732202943,0.894557782738391,-4.47899735006398
104,PRSS3,IL1B,,,STAT1,,PRSS3,-0.40105942920357796,7.42126519809231,-0.640427076193189,0.5346085719302299,0.959602505851509,-5.410344189850299
105,PRSS2,IL1RN,,,STAT2,,PRSS2,-0.509278127382403,6.22777071075168,-0.6609721017678679,0.52181859376312,0.9577352838097181,-5.39826204708975
106,F2R,IL36A,,,STAT4,,F2R,1.20845946881546,4.91896905549282,1.4213015076302498,0.18211374918589604,0.910711646310028,-4.73386322357832
107,F2RL1,IL36B,,,STAT5A,,F2RL1,1.8021402592867601,3.6728449996412404,1.13494512128159,0.27979443478813104,0.9306540966108091,-5.02916523221227
108,F2RL2,IL36G,,,STAT5B,,F2RL2,2.23284844929923,5.382988253382799,2.0171725698998304,0.0679546996597219,0.8498852591215359,-3.9977191499309903
109,F2RL3,IL1F10,,,STAT6,,F2RL3,0.30360945581345694,2.69859136100358,0.329301851805383,0.7479235040225841,0.980563532220787,-5.548885359872121
110,PARD3,IL37,,,CISH,,PARD3,0.18649836320083,8.19112189908901,0.361964762393488,0.7240263271481541,0.979050823279942,-5.53837465529271
111,HCRT,IL18,,,SOCS1,,HCRT,0.130329605762839,3.55156726280034,0.10678083967726501,0.9168266261232959,0.9926211537521629,-5.594326660443651
112,HCRTR1,IL33,,,SOCS2,,HCRTR1,1.60633185413916,2.1139161608176202,1.4711881764678703,0.168410186714398,0.910711646310028,-4.67784945752883
113,HCRTR2,IL17A,,,SOCS3,,HCRTR2,0.965692662525836,4.40224351011418,1.05751203608951,0.31226302719121696,0.9330529820025821,-5.1004645529161206
114,NPFF,IL17F,,,SOCS4,,NPFF,1.15371782611088,4.37211668625255,1.4170591994130501,0.183321334893626,0.910711646310028,-4.7385689580312
115,NPFFR1,IL17B,,,SOCS5,,NPFFR1,2.08824155952771,4.31421496202519,2.2564055502239904,0.0446741784070947,0.821285041410062,-3.6720273458325
116,NPFFR2,IL17C,,,SOCS7,,NPFFR2,-1.01692942585988,3.45632521689505,-0.918631831029119,0.377394016629323,0.9460432284853141,-5.21811036006894
117,UTS2,IL17D,,,SOCS6,,UTS2,-0.26387670302795896,12.282850582583402,-0.467219846879995,0.649182855916665,0.9727464504057701,-5.49796621130401
118,UTS2R,IL25,,,BCL2,,UTS2R,-0.0462028592901493,4.95014218107963,-0.0466131474252303,0.9636315047879359,0.9979523429902059,-5.59867155116646
119,NMU,IL16,,,MCL1,,NMU,-0.0290795173590332,5.15401716500605,-0.0293741935850216,0.977076232530529,0.9979523429902059,-5.59928855499428
120,NMUR1,IL32,,,BCL2L1,,NMUR1,-0.10466266928754499,2.91266354621249,-0.148215297731267,0.884772901771629,0.989444241264051,-5.58935760995492
121,NMUR2,IL34,,,PIM1,,NMUR2,-0.282358343476983,5.07968304556368,-0.35400599556239704,0.729822252554308,0.979050823279942,-5.54102504433339
122,MCHR1,CSF1,,,MYC,,MCHR1,-0.573941949903401,7.37482143874029,-0.6555951290731221,0.525148593995789,0.957812438024398,-5.401457959654059
123,MCHR2,TNF,,,CCND1,,MCHR2,0.114888583207968,4.35999291915058,0.12040725809897099,0.906265285721428,0.990351384440661,-5.59287017124527
124,FSHB,LTA,,,CCND2,,FSHB,1.1680510390676497,4.18424680994106,1.71970447062411,0.112599962476413,0.88061479331726,-4.381899001670471
125,FSHR,LTB,,,CCND3,,FSHR,0.15961972292595,2.1696020646006797,0.285442501480073,0.7804462091608291,0.983354903266789,-5.5614674814290295
126,TSHB,TNFSF14,,,CDKN1A,,TSHB,-0.709134095116972,3.98909028287498,-0.64901443026659,0.529240844744722,0.95860455433696,-5.4053367409310695
127,LHCGR,FASLG,,,AOX1,,LHCGR,-0.6188555199885121,3.85368063447155,-0.43393728099662604,0.67246611060403,0.9753461004207991,-5.51181362280247
128,TSHR,TNFSF15,,,GFAP,,TSHR,0.283117262617612,3.01494688695867,0.24424964895198603,0.811395975163817,0.9873395584185609,-5.571674381169929
129,PTGDR,TNFSF10,,,STAM2,,PTGDR,2.5805812471544103,3.80943236923238,1.54561517303022,0.14960567259271698,0.9058462139640521,-4.5920501906902995
130,PTGER1,EDA,,,STAM,,PTGER1,-1.3489650631066201,4.86252317736626,-1.53098661173967,0.15315169574325901,0.906065193526249,-4.6091176382885495
131,PTGER2,NGF,,,PTPN2,,PTGER2,1.1269240856602099,2.6611267044103903,0.991268077245348,0.34221382999756395,0.9405818124886299,-5.15826829738229
132,PTGER3,TNFSF11,,,PTPN6,,PTGER3,-1.01848487519807,9.11439570780467,-1.9802674572908,0.0724297267121785,0.854476092819419,-4.04680857288688
133,PTGER4,TNFSF12,,,IRF9,,PTGER4,0.8376126592659642,5.9173399419539905,1.1628228107895502,0.26876328711843,0.930600318766436,-5.002547711211871
134,PTGFR,CD70,,,CREBBP,,PTGFR,1.7000984463097,5.4906596066672195,2.28763080380642,0.0422664860835109,0.8182998428197521,-3.62872063655977
135,PTGIR,TNFSF8,,,EP300,,PTGIR,0.864502881453656,4.5158728478022,1.5820513720326101,0.141081356372983,0.90463242173066,-4.5491216501852305
136,TBXA2R,CD40LG,,,PIAS1,,TBXA2R,0.48673511171742206,6.71026065390227,0.831044198947628,0.423083969162295,0.94922419816725,-5.28512755288297
137,ADORA1,TNFSF9,,,PIAS2,,ADORA1,-0.202009637840079,5.90705068690839,-0.277691698215191,0.786241387365687,0.9839723169178269,-5.56350748290985
138,ADORA2B,TNFSF18,,,PIAS4,,ADORA2B,-0.0865663170655289,3.2566160510033195,-0.113374227528449,0.911714114235775,0.9916621066458431,-5.59364367269583
139,ADORA3,TNFSF13,,,FHL1,,ADORA3,-1.95896631670628,4.695018056723709,-1.42326595512081,0.18155683674033604,0.910711646310028,-4.731681077778321
140,P2RY2,TNFSF13B,,,PTPN11,,P2RY2,0.6557949438380489,2.7181657380617303,0.848805014363616,0.4135310089431529,0.94922419816725,-5.272004244482019
141,P2RY1,TGFB1,,,GRB2,,P2RY1,-0.795294768202172,3.68575805261992,-0.5768208823388989,0.5753204201455611,0.963638481857192,-5.44550815518304
142,P2RY4,TGFB2,,,SOS1,,P2RY4,0.557390583133949,5.25811762753533,0.985740275682381,0.34480482461588,0.941171183757666,-5.162954458349651
143,P2RY6,TGFB3,,,SOS2,,P2RY6,0.6907256725779749,4.40376222205476,0.7588481452172511,0.463408899832584,0.9521143848887421,-5.335964014318161
144,LPAR6,GDF15,,,HRAS,,LPAR6,1.3586789973088798,6.95113163102388,1.43762370361844,0.17752992538894602,0.910711646310028,-4.7156729294877895
145,P2RY10,GDF2,,,RAF1,,P2RY10,0.67295007929518,4.31519076169296,0.972588110663805,0.35102657697697803,0.941171183757666,-5.17401760855091
146,P2RY14,BMP10,,,PIK3CA,,P2RY14,-0.550068199984802,5.634473614662469,-0.55569008459598,0.589206772829985,0.9653887445846892,-5.456430513281161
147,P2RY8,INHA,,,PIK3CD,,P2RY8,-1.09721446933598,4.9680911197748,-1.2181635430562199,0.24787469494428002,0.9254912179796791,-4.94827607890657
148,P2RY13,GDF10,,,PIK3R1,,P2RY13,2.4085879769626404,3.4351909623226202,2.52556865284813,0.0276117090315337,0.7879636232605991,-3.29452925477235
149,LPAR4,GDF11,,,PIK3R2,,LPAR4,0.164264278672909,6.13914768862918,0.267218068200549,0.7940937657468121,0.985992214531076,-5.56617625121629
150,GPR35,MSTN,,,PIK3R3,,GPR35,0.0843245838111626,5.803630146652809,0.10314384676940198,0.919648440089854,0.9926402660938309,-5.59468593757933
151,CNR1,INHBA,,,AKT1,,CNR1,0.0615387386128479,7.522223025680701,0.0745744310713637,0.9418512774722941,0.995484237622618,-5.59707585936774
152,CNR2,INHBB,,,AKT2,,CNR2,1.0827603704495201,5.7187637610365405,1.27161870761112,0.22894368501520604,0.9239064119120759,-4.89410420787251
153,PTAFR,GDF1,,,AKT3,,PTAFR,-0.602965848267846,6.7477354534930996,-0.7851420400086121,0.4484466714046261,0.950061682540906,-5.31792032466781
154,GNRHR,GDF3,,,MTO,,GNRHR,0.42636761720231897,3.248343340556,0.36800426528997293,0.719640044070553,0.9784859605968229,-5.536325111666519
155,TRH,NODAL,,,,,TRH,-0.5913101230428729,2.9791217673266805,-0.659756460420363,0.522570368606396,0.9577352838097181,-5.39898668028531
156,TRHR,GDF9,,,,,TRHR,1.4506962347369599,2.44072515950171,1.32716393355835,0.210528895263751,0.919859950574173,-4.836068212464361
157,GHSR,INHBC,,,,,GHSR,-0.7741896594519121,5.34193837138601,-0.7403495917139591,0.474122657718229,0.954702018014387,-5.34833032197747
158,KISS1R,INHBE,,,,,KISS1R,-1.41385834128375,5.75249042260175,-1.31837724981598,0.21335846966914002,0.919859950574173,-4.845364271704191
159,MTNR1A,AMH,,,,,MTNR1A,0.101969124461137,2.9180885102491096,0.11910322635252801,0.907275212190527,0.9906029188034691,-5.59301709511032
160,MTNR1B,BMP2,,,,,MTNR1B,0.181072985261918,3.39263644101856,0.197887723160043,0.8466320540577559,0.9878253617573192,-5.5812834394246105
161,GPR50,BMP4,,,,,GPR50,-0.9655223033625541,3.534644600885,-1.4682203280912802,0.16920018542140197,0.910711646310028,-4.68121621409826
162,S1PR1,GDF5,,,,,S1PR1,-0.0943731404614745,6.51239880732653,-0.138624417224564,0.892175583711162,0.989444241264051,-5.590650931744619
163,LPAR1,GDF6,,,,,LPAR1,-0.17575193222772098,8.72047105343184,-0.25889812958876895,0.800348463400148,0.986737213980295,-5.56822414948511
164,S1PR3,GDF7,,,,,S1PR3,0.34050370881833397,7.3362672414993,0.46422628634298496,0.651261650552338,0.9727464504057701,-5.49925184203345
165,LPAR2,BMP15,,,,,LPAR2,0.785375671124748,5.336010550810281,0.729992825073812,0.48018801924636206,0.955106729471035,-5.35513455371612
166,S1PR2,BMP5,,,,,S1PR2,0.0345268985052476,4.46067130424537,0.0406859660136875,0.9682530306460029,0.9979523429902059,-5.598915262971509
167,S1PR4,BMP6,,,,,S1PR4,0.6965356923779421,5.454055717056231,0.94598724358496,0.36385637083120004,0.9444337368664392,-5.1960176096466
168,LPAR3,BMP7,,,,,LPAR3,0.15227793972323903,5.7327846509824,0.231617728396843,0.820957156668543,0.987595915630745,-5.574490197717731
169,S1PR5,BMP8B,,,,,S1PR5,-1.16390299180716,4.44241996597398,-1.15220948482052,0.27292238248734696,0.930600318766436,-5.0127391727379
170,LTB4R,BMP8A,,,,,LTB4R,-0.0981079232681106,4.97161087587516,-0.146125058751733,0.8863852959183779,0.989444241264051,-5.5896468166397595
171,LTB4R2,CCR8,,,,,LTB4R2,-0.395500548382053,2.35892599011704,-0.6596386465649781,0.522643260456413,0.9577352838097181,-5.39905684315812
172,MAS1,CCR9,,,,,MAS1,-0.32971920872016897,4.86581886575622,-0.6761043105920811,0.512513682063462,0.9577352838097181,-5.38913983767118
173,RXFP1,ACKR4,,,,,RXFP1,0.0692376201379186,4.00448629651887,0.0790125907760299,0.938398269993415,0.995148440350409,-5.59675493479074
174,RXFP2,CCR7,,,,,RXFP2,-1.69826940527727,3.90233018931906,-1.27857632159666,0.226567769958212,0.9239064119120759,-4.886930542199759
175,RXFP3,CCR4,,,,,RXFP3,1.15989996245786,1.97832716592156,1.67965330693573,0.12030774744633502,0.886475243943484,-4.43133729929173
176,CYSLTR1,CCR3,,,,,CYSLTR1,0.0249796710333809,5.3832274310068895,0.0325804173736819,0.974574995193019,0.9979523429902059,-5.5991949870095805
177,CYSLTR2,CCR2,,,,,CYSLTR2,0.0181824173055265,5.699503500186981,0.0256095033130629,0.980013465494666,0.9979523429902059,-5.59938606109678
178,CALCR,CCR1,,,,,CALCR,2.40898935392822,4.620269424820191,3.33754687560671,0.00635444157924895,0.6682079749823989,-2.14047134151963
179,CALCRL,CCR10,,,,,CALCRL,1.70644711963415,4.62384235328108,1.55317620543712,0.147800878384673,0.9058462139640521,-4.58319055007795
180,UCN3,CCR6,,,,,UCN3,-0.529968920142446,5.075680243456429,-0.6188368462796711,0.548240923313357,0.961649098722074,-5.42266201406389
181,UCN2,CXCR1,,,,,UCN2,-0.5291818962792609,3.82789500809767,-0.460849589174134,0.6536102080208289,0.9727464504057701,-5.500692517084779
182,CRHR1,CXCR2,,,,,CRHR1,0.399930944422863,4.11703407922613,0.380347454266859,0.710708329309302,0.977761839057742,-5.53203378245871
183,CRHR2,CXCR3,,,,,CRHR2,-0.935723169908362,3.9325003317580403,-0.7915149722005009,0.44486761116546003,0.950061682540906,-5.3134652651978
184,GIPR,CXCR5,,,,,GIPR,-0.7874542932589319,3.77517276790893,-1.0709654935686301,0.306426705191907,0.9330058048213691,-5.08836057422994
185,GLP1R,CXCR4,,,,,GLP1R,-0.31774160800346196,5.856080499871731,-0.742683366865807,0.47276252989104706,0.954702018014387,-5.34678521903464
186,GLP2R,ACKR3,,,,,GLP2R,1.16197676594301,2.76374981103331,1.13646293722469,0.279184957914012,0.930600318766436,-5.0277287150983705
187,GCGR,CXCR6,,,,,GCGR,0.139671671587499,4.49184547667791,0.16539297088046398,0.8715433981364591,0.98811672485614,-5.58682607197632
188,GHRH,XCR1,,,,,GHRH,-0.0589835732814494,4.75114454721025,-0.0714322405140864,0.9442967420962339,0.9959348847265491,-5.59729187017566
189,GHRHR,CX3CR1,,,,,GHRHR,1.42356236696688,4.79517866065429,1.7189601648367399,0.112739083135384,0.88061479331726,-4.38282332808396
190,PTH,IL2RA,,,,,PTH,-1.1329160233683402,2.57433892853948,-1.18684277224559,0.259533271455725,0.928569747999569,-4.979222873438401
191,PTH1R,IL2RB,,,,,PTH1R,0.22343167302984301,7.450837357271321,0.49168605775397495,0.6323105242109219,0.9727464504057701,-5.4871629779422495
192,PTH2R,IL2RG,,,,,PTH2R,0.413399071047595,4.51288416934491,0.525991516452005,0.609016355408275,0.96975310707861,-5.4711326522110495
193,ADCYAP1R1,IL4R,,,,,ADCYAP1R1,-0.556913472025128,8.18440092046577,-1.07858794053375,0.303156607114983,0.9330058048213691,-5.081449088927809
194,SCT,IL7R,,,,,SCT,-1.9019731610886597,2.4642572502281697,-2.1243677008445303,0.0563789093924144,0.827792093026838,-3.85325774377616
195,SCTR,IL9R,,,,,SCTR,-1.1927326311539599,4.12969925562458,-1.24253290352873,0.23909471370957103,0.9239064119120759,-4.92378893762325
196,VIP,IL15RA,,,,,VIP,0.291573951662943,4.03279910531218,0.278967624342138,0.7852864563795879,0.9838993083265029,-5.5631754618213405
197,VIPR1,IL21R,,,,,VIPR1,0.7742902609190521,3.87315831562042,0.938940183146918,0.367310454493877,0.9460432284853141,-5.20176079458737
198,VIPR2,CRLF2,,,,,VIPR2,-0.10709550290910302,6.17280233696946,-0.0811716441189414,0.9367189399729259,0.994675846757725,-5.59659211529838
199,GRM1,IL3RA,,,,,GRM1,-0.730361564920619,4.72160978683289,-0.6627417115120849,0.5207253656524421,0.9577352838097181,-5.39720501541987
200,GRM2,CSF2RB,,,,,GRM2,-1.09392774666674,3.59534120921229,-1.14539052260982,0.275620846691968,0.930600318766436,-5.0192496244966796
201,GRM3,IL5RA,,,,,GRM3,-1.06304273080741,6.67700999104041,-1.1103879430527601,0.289798476347426,0.9327409955587059,-5.05220150092443
202,GRM4,CSF2RA,,,,,GRM4,0.0211563083729871,5.65001058816396,0.0339094141356438,0.973538300786625,0.9979523429902059,-5.599153364070929
203,GRM5,IL13RA1,,,,,GRM5,-1.80918363406613,6.29924757257288,-2.09529703966794,0.0593201096871308,0.837451685892394,-3.89269387800019
204,GRM6,IL13RA2,,,,,GRM6,-0.321524036900447,5.719734041339179,-0.5984401824942789,0.5612970489973019,0.9633246961954391,-5.43393927973418
205,GRM7,EPOR,,,,,GRM7,0.343676545547761,7.416178276417919,0.465022990840957,0.650708099261731,0.9727464504057701,-5.49891045766065
206,GRM8,GHR,,,,,GRM8,0.44361321020035105,5.0142200689214595,0.6157306123099411,0.550218210165274,0.961874951442405,-5.42440206407272
207,GABBR1,PRLR,,,,,GABBR1,0.0637429371060492,7.53799485648541,0.14009751065854,0.8910378690929269,0.989444241264051,-5.590457885679281
208,GABBR2,MPL,,,,,GABBR2,-1.59467431043619,8.61670116339726,-3.08620052581539,0.0100065929381614,0.7184646745005259,-2.49556226450566
209,GPR156,CSF3R,,,,,GPR156,-0.664060088135115,6.37056910719243,-1.6792253545095601,0.12039258226015599,0.886475243943484,-4.43186220554483
210,MLN,LEPR,,,,,MLN,1.2919217088980401,3.42241243519056,1.24804198658505,0.23714476665078502,0.9239064119120759,-4.918204410332581
211,MLNR,IL6R,,,,,MLNR,-2.7142764101267005,2.7619386033026294,-2.95286513408747,0.0127424886801675,0.7216191143617141,-2.68545571133098
212,NPB,IL6ST,,,,,NPB,0.730667893007064,4.904181121491599,0.858061920514245,0.408609958457607,0.9483421017481759,-5.265069374878309
213,NPBWR1,IL11RA,,,,,NPBWR1,-0.486787868354663,3.4493744967475597,-0.600539156953791,0.55994560876452,0.9629755434737272,-5.43279496786111
214,NPBWR2,IL12RB1,,,,,NPBWR2,-0.6114708340681769,3.68659681182248,-0.625989038420882,0.5437033771358449,0.9610589700885039,-5.41862470190706
215,PRLH,IL12RB2,,,,,PRLH,0.0375781240391655,6.51108851521273,0.0791646922726004,0.9382799538575821,0.995148440350409,-5.5967436079751804
216,PRLHR,IL23R,,,,,PRLHR,0.0176950251921344,1.9279732315876699,0.0199685783268081,0.98441511021963,0.9979523429902059,-5.599507172501861
217,GRIN1,IL27RA,,,,,GRIN1,-0.9682496355012329,5.502639634600659,-0.9341674365466859,0.36966294407984496,0.9460432284853141,-5.20563009186841
218,GRIN2A,IL31RA,,,,,GRIN2A,0.0734928382110454,9.10790239372822,0.12413285778052001,0.903380896131683,0.989766494074782,-5.592441623274059
219,GRIN2B,CNTFR,,,,,GRIN2B,0.12617289522046402,6.77538347010936,0.21495671384424203,0.833614136224162,0.987595915630745,-5.577977864165981
220,GRIN2C,LIFR,,,,,GRIN2C,0.0309934882155716,6.29142695669614,0.0606261979582909,0.9527111284418909,0.997875825280296,-5.59796383105209
221,GRIN2D,OSMR,,,,,GRIN2D,-1.24298480343824,6.485573698650759,-2.4745119757907594,0.0302668167198254,0.7957671740430621,-3.36675438423495
222,GRIN3A,IL10RA,,,,,GRIN3A,-0.6727481300654571,6.919028899864941,-1.0525680450477901,0.314428604421838,0.9340719578274409,-5.10488209340459
223,GRIN3B,IL10RB,,,,,GRIN3B,-1.4328961701884402,2.63438248031717,-1.59500355084517,0.138154845117293,0.9046205275547791,-4.5337210789974005
224,GABRA1,IL20RA,,,,,GABRA1,-3.0796353468900697,4.54591191346475,-2.4300620153629704,0.0327795514548244,0.8062485655262428,-3.4294358754137004
225,GABRA2,IL20RB,,,,,GABRA2,1.00638689991527,7.789491930772481,1.1592654283444699,0.27015179683164703,0.930600318766436,-5.0059715783876
226,GABRA3,IL22RA1,,,,,GABRA3,-1.8198874750695,4.03077791772498,-1.5143396863218501,0.15727504882545199,0.909612888199767,-4.628420426970401
227,GABRA4,IFNLR1,,,,,GABRA4,2.1091237843277697,4.1141838471057,2.61087440960027,0.0236751767206224,0.7879636232605991,-3.1734158515565802
228,GABRA5,IFNAR1,,,,,GABRA5,0.160130668696633,5.39078131478554,0.260556547286651,0.7991005332719259,0.9864357168889609,-5.567821039065571
229,GABRA6,IFNAR2,,,,,GABRA6,-0.127403660449176,2.42859604033173,-0.0930070146789673,0.9275191974155229,0.9930475838039631,-5.595621721837761
230,GABRB1,IFNGR1,,,,,GABRB1,-0.9071339069627451,9.19164755536071,-1.54809032988072,0.14901276897290303,0.9058462139640521,-4.58915276229554
231,GABRB3,IFNGR2,,,,,GABRB3,-0.23503008428180802,8.46323525542323,-0.36757100600104103,0.7199543584742379,0.9785120807053629,-5.536473240206011
232,GABRB2,IL1R1,,,,,GABRB2,-2.75369164418043,6.917543232159719,-2.58830646732211,0.0246595278741588,0.7879636232605991,-3.20550266536663
233,GABRD,IL1RAP,,,,,GABRD,-0.664585170096402,2.14761141985657,-0.984642295700691,0.345321159268161,0.941171183757666,-5.16388270854123
234,GABRG1,IL1RL2,,,,,GABRG1,0.24031168783106602,7.04261242028808,0.248707114748464,0.808029621129394,0.9872274807680459,-5.57064549192738
235,GABRG2,IL18R1,,,,,GABRG2,-1.0875914111405698,10.005543027956099,-1.1302276625049998,0.281695282009917,0.9319318824644252,-5.03362061022874
236,GABRG3,IL18RAP,,,,,GABRG3,0.542243101400264,4.752303686703639,0.6046104322596121,0.5573294094818001,0.9621767906603409,-5.430564785338629
237,GABRP,IL1RL1,,,,,GABRP,0.346539157926697,2.698425244786,0.36606691119456203,0.721045943921703,0.9788292088470779,-5.53698616210984
238,GABRR1,IL17RA,,,,,GABRR1,-0.550627794214246,3.3466490365973995,-0.39922419292098604,0.697136157532099,0.976542563959073,-5.52520523975523
239,GABRR2,IL17RC,,,,,GABRR2,-0.0933333504931886,4.53463741111041,-0.113600151919533,0.9115390047153342,0.991614358606399,-5.5936195468254395
240,GABRR3,IL17RB,,,,,GABRR3,0.7748221383102021,2.31267366730229,0.709705949615087,0.49220729314212797,0.956718672112875,-5.36821277821635
241,GABRQ,IL17RE,,,,,GABRQ,-1.75742773699018,8.27211301656806,-2.32580562319496,0.0394918005368802,0.8182998428197521,-3.5755733677464505
242,CHRNA1,CD4,,,,,CHRNA1,-0.216303995323349,3.4088502318924903,-0.185458657181769,0.856141542656992,0.987993190658461,-5.58351978058335
243,CHRNA2,CSF1R,,,,,CHRNA2,1.22015351429589,5.399926930461559,1.88496567310207,0.0852798402186737,0.8633695197115241,-4.17184741599107
244,CHRNA3,TNFRSF1A,,,,,CHRNA3,0.6315367102754879,6.028895579051219,1.33413371412355,0.208306411179044,0.919859950574173,-4.82866407121546
245,CHRNA4,TNFRSF1B,,,,,CHRNA4,-1.21555527573068,3.49567650341021,-1.0688916020369001,0.307321004479578,0.9330058048213691,-5.090234333719541
246,CHRNA5,LTBR,,,,,CHRNA5,1.24416317388953,4.2622433406593,1.2822732698436001,0.22531347036788002,0.9239064119120759,-4.88310748092132
247,CHRNA6,TNFRSF14,,,,,CHRNA6,-0.5685286310566899,5.15160510281046,-0.5728601467316601,0.577909843370126,0.963942315229958,-5.44758450874695
248,CHRNA9,FAS,,,,,CHRNA9,-0.7297998145027471,5.396468170375379,-1.15515105255637,0.271764673236457,0.930600318766436,-5.00992162458234
249,CHRNA10,TNFRSF25,,,,,CHRNA10,1.6648716665905299,4.28999390884185,1.9016323270865199,0.0828909380166727,0.8633695197115241,-4.15017004785601
250,CHRNB1,TNFRSF10A,,,,,CHRNB1,-0.516329924172349,2.9343906563282203,-1.20135206940379,0.25407975817790096,0.9275763562712601,-4.96496104271326
251,CHRNB2,TNFRSF10B,,,,,CHRNB2,-0.218113280724849,6.9071735422876905,-0.42906437528440206,0.675905961545365,0.975388857012499,-5.513758451221559
252,CHRNB3,TNFRSF10C,,,,,CHRNB3,-1.78799549135607,2.86960638672612,-1.45983350457463,0.171449715303085,0.910711646310028,-4.69070706557295
253,CHRNB4,TNFRSF10D,,,,,CHRNB4,-1.40095727728982,3.9782066734188097,-1.3506121950143501,0.203128643807992,0.9152176918647,-4.81105293445186
254,CHRND,TNFRSF21,,,,,CHRND,0.0475188403204498,4.24559284633629,0.0527792298864323,0.958825180111356,0.9979523429902059,-5.59838291124096
255,CHRNE,EDAR,,,,,CHRNE,-1.00703995047708,3.99560079161943,-1.13788291837029,0.278615695595041,0.930600318766436,-5.02638346178975
256,CHRNG,EDA2R,,,,,CHRNG,1.7718365145437198,5.275061425780179,1.94479629754509,0.0769874748445974,0.861482330665805,-4.09364896200026
257,P2RX1,NGFR,,,,,P2RX1,1.3705052996525202,3.9467699341117,1.1747531067458201,0.264147315318207,0.9286129841256949,-4.99100744421577
258,P2RX2,TNFRSF11B,,,,,P2RX2,-0.580395200362211,5.518579900908231,-0.7934975585694699,0.44375796899219605,0.950061682540906,-5.31207284911438
259,P2RX3,TNFRSF11A,,,,,P2RX3,-0.11207806147249098,2.49485453652643,-0.103131747954646,0.919657829074614,0.9926402660938309,-5.59468711201948
260,P2RX4,TNFRSF12A,,,,,P2RX4,0.155942868921264,5.01570572927318,0.230702701206629,0.821650943712298,0.987595915630745,-5.57468842575821
261,P2RX5,CD27,,,,,P2RX5,-0.0948626383249218,7.3260867616101395,-0.0951656136459151,0.925842444338299,0.9930475838039631,-5.595430540289009
262,P2RX7,TNFRSF8,,,,,P2RX7,0.46496637319208795,7.51046357141044,1.04274268732738,0.318765590191852,0.9342401772649559,-5.1136122106199595
263,P2RX6,CD40,,,,,P2RX6,-1.31468682613003,5.2978522442296,-2.2000163140850697,0.0493580420035208,0.827792093026838,-3.7498220040342902
264,CGA,TNFRSF9,,,,,CGA,-1.7727215649829098,3.8324793196024705,-2.4219796119439905,0.0332577215019859,0.8062485655262428,-3.44081135546332
265,GRIA1,TNFRSF18,,,,,GRIA1,-0.48374466313929604,4.902919347078059,-0.557396130593011,0.5880791206347591,0.9653887445846892,-5.45556286476817
266,GRIA2,TNFRSF17,,,,,GRIA2,-0.7328347398281642,9.50877322844523,-1.5121370414641202,0.157827729635896,0.909612888199767,-4.6309648468703095
267,GRIA3,TNFRSF13B,,,,,GRIA3,-0.8974945751107791,9.979094210555731,-1.7096918298369,0.114484378502648,0.881458331889173,-4.39431586853894
268,GRIA4,TNFRSF13C,,,,,GRIA4,-1.1460849227036498,8.83859604192426,-1.01793659994385,0.32991272683257894,0.9352251684979421,-5.13536057748685
269,GRIK1,TNFRSF19,,,,,GRIK1,1.33169666774425,4.45885640851062,1.2039602772326201,0.253109097189934,0.927214107039126,-4.962383686928231
270,GRIK2,RELT,,,,,GRIK2,-0.504329842848896,7.90746684012511,-1.07791543370659,0.303444054742962,0.9330058048213691,-5.08206042284442
271,GRIK3,TGFBR1,,,,,GRIK3,0.444274116610667,7.12198813834617,0.8538612608267109,0.410838138521306,0.948602157691818,-5.268224364022791
272,GRIK4,TGFBR2,,,,,GRIK4,1.1786447069232702,4.27561851696598,1.13130049442064,0.281262124006229,0.931292614639984,-5.03260863096385
273,GRIK5,ACVRL1,,,,,GRIK5,-0.34360965313417097,7.97699679816915,-0.738133012287284,0.47541674437323295,0.954702018014387,-5.34979380352784
274,GRID1,ACVR2A,,,,,GRID1,-0.169922147149375,8.44303449156873,-0.302262148385826,0.767918406319662,0.981325060456833,-5.5568506845089995
275,GRID2,BMPR2,,,,,GRID2,0.000957986228706798,2.38887591736371,0.000938757175938241,0.999267274690955,0.9998057383886809,-5.59969459696679
276,GLRA1,ACVR2B,,,,,GLRA1,-1.04860561547098,4.68594550931155,-1.39682981284114,0.18917265852367698,0.9114403363275109,-4.76088117486611
277,GLRA2,ACVR1B,,,,,GLRA2,0.15820723375885198,3.4284066953583903,0.202104742099925,0.843411288275415,0.987595915630745,-5.580491984802671
278,GLRA3,ACVR1C,,,,,GLRA3,2.20638608486116,4.13785290086595,2.64664859529458,0.0221934241702545,0.7879636232605991,-3.1224966222319903
279,GLRB,ACVR1,,,,,GLRB,-0.713310834651223,9.22444431445944,-0.666888359590721,0.518168913380488,0.9577352838097181,-5.394717993012849
280,TSPO,BMPR1A,,,,,TSPO,1.99038884514521,6.55603586279374,3.16448446534491,0.00868446023467094,0.714980404002396,-2.3844801761511003
281,NR3C1,BMPR1,,,,,NR3C1,-0.37432238458551104,9.40931353488712,-0.601104039874916,0.5595822111656279,0.962846228782092,-5.43248637056345
282,GH1,,,,,,GH1,-1.1137274821288703,3.35946062943224,-0.971663931893491,0.351466792088435,0.941171183757666,-5.17479039692288
283,GH2,,,,,,GH2,-2.0441582677870302,3.7349148913921297,-3.5428988359581,0.00439641722536594,0.588423221115314,-1.8546215833532802
284,CSH1,,,,,,CSH1,0.36803319756615005,2.70700729127595,0.532183756408887,0.604858244743332,0.968370911451122,-5.468130082166881
285,GHR,,,,,,GHR,0.330120427039291,6.063021884227389,0.5756610622397671,0.5760780339729449,0.963638481857192,-5.44611755852909
286,THRA,,,,,,THRA,0.508740288537773,7.558827113963491,0.8114464265131469,0.43379405064390203,0.950061682540906,-5.29932780541609
287,THRB,,,,,,THRB,0.618437349418391,7.880947327663961,1.39260207256575,0.19041509465623896,0.9114403363275109,-4.76551745159664
288,LEP,,,,,,LEP,2.30131986935159,2.8179977599575095,2.13189486977724,0.055640091167069,0.827792093026838,-3.84301723120617
289,LEPR,,,,,,LEPR,-0.0048367279220640205,4.8869237673293,-0.004472597168566171,0.996509029319128,0.999600588701953,-5.599685588436249
290,PRL,,,,,,PRL,1.53644275494991,4.16930241437357,1.85048622728035,0.0904234718879411,0.8633695197115241,-4.21642189788927
291,PRL,,,,,,PRL,1.53644275494991,4.16930241437357,1.85048622728035,0.0904234718879411,0.8633695197115241,-4.21642189788927
